City_ID,City,Lat,Lng,Max Temp,Humidity,Cloudiness,Wind Speed,Country,Date
0,rikitea,-23.1203,-134.9692,23.34,83,100,2.63,PF,1668135535
1,huntingdon,52.3305,-0.1865,15.52,79,99,3.58,GB,1668135535
2,jamestown,42.097,-79.2353,16.77,50,0,4.63,US,1668135145
3,bandraboua,-12.7044,45.1223,25.82,78,10,4.13,YT,1668135536
4,ulladulla,-35.35,150.4667,20.49,69,100,2.54,AU,1668135536
5,turtas,58.9417,69.1325,-2.03,97,100,1.39,RU,1668135537
6,albany,42.6001,-73.9662,11.92,81,49,1.01,US,1668135336
7,katobu,-4.9408,122.5276,33.2,52,42,0.16,ID,1668135537
8,ushuaia,-54.8,-68.3,6.81,70,20,3.6,AR,1668135538
9,nuuk,64.1835,-51.7216,-7.16,57,100,4.0,GL,1668135538
10,chunoyar,57.4467,97.3217,-2.33,93,100,3.75,RU,1668135539
11,mataura,-46.1927,168.8643,25.04,34,33,1.16,NZ,1668135539
12,akyab,20.15,92.9,25.7,67,52,1.83,MM,1668135540
13,chokurdakh,70.6333,147.9167,-26.35,99,100,2.83,RU,1668135540
14,provideniya,64.3833,-173.3,-3.94,63,75,6.0,RU,1668135540
15,luderitz,-26.6481,15.1594,12.97,86,0,5.11,NA,1668135541
16,bredasdorp,-34.5322,20.0403,14.46,89,3,3.86,ZA,1668135541
17,ribeira grande,38.5167,-28.7,13.76,89,70,2.24,PT,1668135363
18,atuona,-9.8,-139.0333,25.53,81,15,5.68,PF,1668135542
19,mahebourg,-20.4081,57.7,24.03,88,20,1.54,MU,1668135477
20,mahbubabad,17.6167,80.0167,23.15,63,79,2.15,IN,1668135543
21,port alfred,-33.5906,26.891,16.77,93,100,3.58,ZA,1668135543
22,sfantu gheorghe,45.8667,25.7833,8.48,94,100,0.62,RO,1668135544
23,punta arenas,-53.15,-70.9167,8.06,71,75,2.57,CL,1668135288
24,siavonga,-16.5382,28.7088,23.6,79,94,1.72,ZM,1668135544
25,cape town,-33.9258,18.4232,18.54,74,0,2.06,ZA,1668135429
26,faanui,-16.4833,-151.75,26.15,77,26,2.37,PF,1668135545
27,arraial do cabo,-22.9661,-42.0278,21.56,90,27,1.35,BR,1668135546
28,vaini,-21.2,-175.2,28.09,83,75,4.63,TO,1668135546
29,cherskiy,68.75,161.3,-19.81,99,100,1.82,RU,1668135547
30,hilo,19.7297,-155.09,25.69,77,8,2.24,US,1668135376
31,payakumbuh,-0.2202,100.6308,25.36,84,100,0.48,ID,1668135547
32,tabuk,17.4189,121.4443,29.49,68,48,2.09,PH,1668135548
33,kapaa,22.0752,-159.319,25.61,75,22,0.89,US,1668135367
34,hithadhoo,-0.6,73.0833,27.33,78,100,5.99,MV,1668135548
35,qaanaaq,77.484,-69.3632,-21.76,59,0,3.56,GL,1668135549
36,hirara,24.8,125.2833,27.92,89,75,4.63,JP,1668135549
37,vao,-22.6667,167.4833,22.68,74,91,5.56,NC,1668135550
38,notre-dame-du-lac,47.6136,-68.7964,8.26,94,100,1.36,CA,1668135551
39,adrar,20.5022,-10.0711,19.88,13,10,3.75,MR,1668135552
40,ancud,-41.8697,-73.8203,11.38,98,100,2.49,CL,1668135552
41,geraldton,-28.7667,114.6,19.23,63,75,9.26,AU,1668135553
42,port lincoln,-34.7333,135.8667,18.9,57,79,4.42,AU,1668135553
43,busselton,-33.65,115.3333,15.59,46,67,7.68,AU,1668135543
44,avera,33.194,-82.5271,20.73,97,100,9.24,US,1668135554
45,lorengau,-2.0226,147.2712,27.88,77,100,2.34,PG,1668135554
46,torbay,47.6666,-52.7314,5.98,78,75,7.2,CA,1668135555
47,kankon,15.0167,74.0167,25.89,57,98,2.9,IN,1668135555
48,hobart,-42.8794,147.3294,22.37,90,40,10.29,AU,1668135291
49,ahuimanu,21.4447,-157.8378,25.52,74,4,1.79,US,1668135556
50,santa vitoria do palmar,-33.5189,-53.3681,15.99,96,79,3.41,BR,1668135556
51,thompson,55.7435,-97.8558,-21.91,77,20,1.03,CA,1668135557
52,tolaga bay,-38.3667,178.3,16.07,98,100,8.17,NZ,1668135557
53,grindavik,63.8424,-22.4338,4.26,87,0,0.51,IS,1668135550
54,yellowknife,62.456,-114.3525,-9.71,85,100,6.69,CA,1668135558
55,avarua,-21.2078,-159.775,25.03,69,40,6.69,CK,1668135559
56,bluff,-46.6,168.3333,14.45,71,1,5.28,NZ,1668135559
57,chuy,-33.6971,-53.4616,15.77,96,85,3.37,UY,1668135560
58,hermanus,-34.4187,19.2345,14.89,87,5,3.86,ZA,1668135452
59,barrow,71.2906,-156.7887,-7.99,79,40,5.66,US,1668135561
60,turukhansk,65.8167,87.9833,-17.51,93,100,4.16,RU,1668135561
61,kudahuvadhoo,2.6708,72.8944,26.78,76,72,4.41,MV,1668135562
62,sturgeon bay,44.8342,-87.377,17.98,88,100,6.44,US,1668135563
63,norman wells,65.282,-126.8329,-17.98,78,75,1.03,CA,1668135563
64,tevaitoa,-16.7833,-151.5,25.85,78,37,2.53,PF,1668135564
65,axim,4.8699,-2.2405,25.3,85,88,2.69,GH,1668135564
66,lebu,-37.6167,-73.65,12.13,95,100,2.88,CL,1668135366
67,new norfolk,-42.7826,147.0587,18.27,68,62,1.52,AU,1668135564
68,hamilton,39.1834,-84.5333,16.6,57,100,0.45,US,1668135365
69,georgetown,5.4112,100.3354,28.96,82,20,2.57,MY,1668135538
70,limbang,4.75,115.0,28.06,96,100,0.78,MY,1668135565
71,asau,46.4333,26.4,7.51,92,100,1.71,RO,1668135566
72,bermejo,-32.8833,-68.8,19.95,68,75,3.6,AR,1668135566
73,atherton,53.5237,-2.4935,15.5,79,100,2.68,GB,1668135567
74,sitka,57.0531,-135.33,1.5,98,100,1.85,US,1668135567
75,pemangkat,1.1667,108.9667,28.83,70,100,1.39,ID,1668135568
76,kavieng,-2.5744,150.7967,28.49,71,82,4.43,PG,1668135568
77,palmer,42.1584,-72.3287,14.71,77,28,1.79,US,1668135568
78,lompoc,34.6391,-120.4579,13.21,83,1,0.45,US,1668135480
79,tuktoyaktuk,69.4541,-133.0374,-7.0,93,100,4.12,CA,1668135569
80,castro,-24.7911,-50.0119,15.39,76,81,1.88,BR,1668135446
81,tasiilaq,65.6145,-37.6368,0.07,81,100,13.63,GL,1668135447
82,pozo colorado,-23.4923,-58.7972,20.21,84,100,3.13,PY,1668135570
83,upernavik,72.7868,-56.1549,-11.49,84,97,2.9,GL,1668135570
84,polis,35.0367,32.4264,13.9,69,0,3.21,CY,1668135571
85,kaitangata,-46.2817,169.8464,18.44,51,31,5.29,NZ,1668135571
86,dingle,10.9995,122.6711,29.88,73,87,5.3,PH,1668135572
87,kaka,37.3482,59.6143,6.42,48,0,1.97,TM,1668135572
88,kawalu,-7.3817,108.2082,28.23,71,84,1.98,ID,1668135572
89,pimenta bueno,-11.6725,-61.1936,24.81,71,27,0.65,BR,1668135573
90,cedral,23.8,-100.7333,20.52,37,0,1.27,MX,1668135573
91,nakhon phanom,17.3333,104.4167,28.89,56,40,1.19,TH,1668135574
92,qaqortoq,60.7167,-46.0333,-7.01,90,98,0.93,GL,1668135574
93,roseburg,43.2165,-123.3417,6.95,90,100,0.33,US,1668135368
94,east london,-33.0153,27.9116,18.64,90,100,7.9,ZA,1668135427
95,san quintin,30.4833,-115.95,15.89,55,0,3.91,MX,1668135360
96,kachug,53.9606,105.8817,-4.84,76,99,1.53,RU,1668135575
97,lagoa,39.05,-27.9833,16.2,69,37,9.15,PT,1668135575
98,mubende,0.5606,31.39,15.53,92,98,0.55,UG,1668135576
99,saint-philippe,-21.3585,55.7679,22.77,69,14,2.52,RE,1668135576
100,mackay,-21.15,149.2,29.27,57,9,5.52,AU,1668135577
101,fukue,32.6881,128.8419,22.2,68,40,2.57,JP,1668135577
102,ponta do sol,32.6667,-17.1,19.84,81,53,0.63,PT,1668135578
103,buala,-8.145,159.5921,26.69,87,100,4.19,SB,1668135578
104,ucluelet,48.9329,-125.5528,7.83,76,100,0.45,CA,1668135299
105,jining,35.405,116.5814,21.84,62,46,4.02,CN,1668135579
106,portland,45.5234,-122.6762,7.75,85,0,0.89,US,1668135057
107,fredericton,45.9454,-66.6656,9.47,88,100,2.06,CA,1668135401
108,butaritari,3.0707,172.7902,27.48,79,47,8.51,KI,1668135444
109,codrington,-38.2667,141.9667,16.29,83,100,4.98,AU,1668135580
110,sept-iles,50.2001,-66.3821,5.0,83,75,5.14,CA,1668135580
111,longyearbyen,78.2186,15.6401,-2.09,74,75,4.63,SJ,1668135581
112,tortoli,39.9256,9.6572,16.84,79,17,2.15,IT,1668135581
113,berlevag,70.8578,29.0864,1.0,80,100,9.26,NO,1668135582
114,pamanukan,-6.2842,107.8106,30.37,63,100,0.63,ID,1668135582
115,severo-yeniseyskiy,60.3725,93.0408,-8.46,96,91,1.77,RU,1668135582
116,champerico,14.3,-91.9167,25.92,79,7,2.25,GT,1668135583
117,camacha,33.0833,-16.3333,16.68,82,20,1.54,PT,1668135583
118,meulaboh,4.1363,96.1285,25.2,87,100,1.85,ID,1668135584
119,severo-kurilsk,50.6789,156.125,0.15,69,97,15.87,RU,1668135584
120,imbituba,-28.24,-48.6703,16.76,87,100,1.31,BR,1668135585
121,hasaki,35.7333,140.8333,22.38,51,0,5.79,JP,1668135585
122,laguna,38.421,-121.4238,10.59,77,20,1.7,US,1668135585
123,narsaq,60.9167,-46.05,-6.27,95,100,0.61,GL,1668135586
124,cabo san lucas,22.8909,-109.9124,24.78,70,95,1.34,MX,1668135429
125,khatanga,71.9667,102.5,-25.28,100,96,1.47,RU,1668135586
126,saskylakh,71.9167,114.0833,-33.39,100,45,1.5,RU,1668135587
127,kruisfontein,-34.0033,24.7314,16.6,78,90,4.32,ZA,1668135587
128,puerto ayora,-0.7393,-90.3518,20.31,90,81,2.68,EC,1668135588
129,qasigiannguit,68.8193,-51.1922,-17.98,83,100,1.92,GL,1668135588
130,angren,41.0167,70.1436,5.51,35,100,1.15,UZ,1668135589
131,katsuura,35.1333,140.3,20.12,59,0,7.05,JP,1668135589
132,otane,-39.8833,176.6333,13.89,99,100,3.8,NZ,1668135590
133,mount isa,-20.7333,139.5,33.87,33,40,4.63,AU,1668135590
134,pacific grove,36.6177,-121.9166,11.9,82,48,4.47,US,1668135441
135,gushikawa,26.3544,127.8686,26.57,78,80,7.4,JP,1668135590
136,brewster,41.3973,-73.6171,13.99,92,81,1.68,US,1668135591
137,namibe,-15.1961,12.1522,17.33,84,99,2.81,AO,1668135591
138,samarai,-10.6167,150.6667,28.2,71,21,5.19,PG,1668135592
139,shitanjing,39.2342,106.3439,2.64,51,100,11.53,CN,1668135592
140,aqtobe,50.2797,57.2072,1.05,93,100,6.0,KZ,1668135593
141,kaeo,-35.1,173.7833,23.51,82,11,3.46,NZ,1668135593
142,souillac,-20.5167,57.5167,21.21,88,20,1.54,MU,1668135594
143,dikson,73.5069,80.5464,-15.8,93,84,7.36,RU,1668135594
144,salalah,17.0151,54.0924,24.51,69,4,0.85,OM,1668135595
145,korla,41.7597,86.1469,3.92,46,6,0.89,CN,1668135595
146,mar del plata,-38.0023,-57.5575,17.83,91,0,2.24,AR,1668135470
147,bambous virieux,-20.3428,57.7575,24.01,88,20,1.54,MU,1668135310
148,leningradskiy,69.3833,178.4167,-15.73,95,100,3.16,RU,1668135596
149,fortuna,40.5982,-124.1573,8.14,96,0,1.54,US,1668135596
150,vilya,55.2456,42.2089,6.42,90,100,4.32,RU,1668135597
151,beloha,-25.1667,45.05,23.43,74,3,1.37,MG,1668135597
152,pevek,69.7008,170.3133,-16.77,95,100,0.89,RU,1668135598
153,san cristobal,7.7669,-72.225,21.1,98,93,1.22,VE,1668135402
154,kavaratti,10.5669,72.642,27.9,66,100,4.31,IN,1668135598
155,kenai,60.5544,-151.2583,0.64,99,100,1.54,US,1668135599
156,takoradi,4.8845,-1.7554,25.13,86,80,2.41,GH,1668135599
157,zomin,39.9606,68.3958,4.19,53,9,0.33,UZ,1668135600
158,carbonia,39.1672,8.5222,14.45,84,60,2.39,IT,1668135600
159,santiago de cuba,20.0247,-75.8219,22.53,95,50,1.25,CU,1668135566
160,pontian kecil,1.4801,103.3899,30.57,79,61,0.96,MY,1668135601
161,kirakira,-10.4544,161.9205,26.66,87,100,3.68,SB,1668135602
162,zapolyarnyy,69.4154,30.8136,-1.4,98,84,2.29,RU,1668135603
163,jaguaribe,-5.8906,-38.6219,25.17,75,3,4.44,BR,1668135604
164,saint-pierre,-21.3393,55.4781,26.06,46,0,2.57,RE,1668135606
165,hambantota,6.1241,81.1185,26.19,100,20,0.51,LK,1668135608
166,maracas,-13.4411,-40.4308,18.03,81,5,1.95,BR,1668135611
167,kaina,12.6374,8.5873,21.36,25,76,2.99,NG,1668135612
168,tuatapere,-46.1333,167.6833,20.14,49,2,2.93,NZ,1668135613
169,bayanday,53.0661,105.5139,-6.16,81,100,1.24,RU,1668135614
170,bereda,43.2686,-7.5406,8.56,98,53,0.74,ES,1668135617
171,karasburg,-28.0167,18.75,13.57,51,26,5.09,NA,1668135618
172,saint george,37.1041,-113.5841,8.86,44,0,6.17,US,1668135619
173,khandyga,62.6667,135.6,-17.03,93,100,1.61,RU,1668135620
174,kurilsk,45.2333,147.8833,4.81,53,100,8.82,RU,1668135621
175,medeiros neto,-17.3739,-40.2206,21.61,95,51,2.88,BR,1668135622
176,carnarvon,-24.8667,113.6333,20.86,64,35,8.91,AU,1668135622
177,kikwit,-5.041,18.8162,19.77,99,100,0.32,CD,1668135623
178,tiksi,71.6872,128.8694,-24.76,100,97,1.38,RU,1668135623
179,riyadh,24.6877,46.7219,22.08,24,68,4.57,SA,1668135356
180,kodiak,57.79,-152.4072,0.63,74,13,1.72,US,1668135624
181,talnakh,69.4865,88.3972,-16.55,96,100,5.74,RU,1668135625
182,sao joao da barra,-21.6403,-41.0511,21.42,96,45,3.0,BR,1668135625
183,santa rosa,14.3122,121.1114,30.01,77,55,5.68,PH,1668135522
184,santa ines,-3.6667,-45.38,23.58,90,5,1.27,BR,1668135626
185,goure,13.9835,10.2704,21.4,24,22,3.67,NE,1668135627
186,sakakah,29.9697,40.2064,15.76,51,80,3.5,SA,1668135375
187,teya,60.3778,92.6267,-5.65,95,96,1.75,RU,1668135628
188,san jeronimo,-11.9472,-75.2829,8.96,87,100,1.14,PE,1668135629
189,nantucket,41.2835,-70.0995,15.64,86,7,10.07,US,1668135629
190,sibolga,1.7427,98.7792,25.15,90,100,0.94,ID,1668135630
191,pringsewu,-5.3582,104.9744,29.57,62,100,2.04,ID,1668135631
192,goderich,43.7501,-81.7165,16.62,57,51,7.86,CA,1668135631
193,la palma,33.8464,-118.0467,16.08,69,0,1.34,US,1668135632
194,victoria,22.2855,114.1577,27.2,75,43,4.02,HK,1668135549
195,airai,-8.9266,125.4092,23.86,60,99,0.97,TL,1668135633
196,naze,28.3667,129.4833,22.95,76,26,6.49,JP,1668135635
197,majene,-3.5403,118.9707,29.83,69,91,1.47,ID,1668135635
198,padang,-0.9492,100.3543,28.03,79,80,1.78,ID,1668135628
199,concordia sagittaria,45.7594,12.8406,11.16,90,12,2.88,IT,1668135636
200,alice springs,-23.7,133.8833,34.75,26,40,6.17,AU,1668135637
201,turayf,31.6725,38.6637,14.13,49,0,4.63,SA,1668135637
202,karratha,-20.7377,116.8463,28.62,30,0,6.05,AU,1668135638
203,vanimo,-2.6741,141.3028,29.26,73,92,2.97,PG,1668135361
204,andenes,69.3143,16.1194,2.99,70,100,5.14,NO,1668135442
205,iracoubo,5.4802,-53.2011,25.08,89,18,2.8,GF,1668135638
206,bacolod,10.6667,122.95,30.63,68,85,3.17,PH,1668135639
207,tezu,27.9167,96.1667,23.93,33,0,0.92,IN,1668135639
208,luau,-10.7073,22.2247,17.58,97,100,0.83,AO,1668135640
209,gao,16.6362,1.637,21.81,16,8,4.95,ML,1668135641
210,mayumba,-3.432,10.6554,23.74,90,100,1.98,GA,1668135641
211,nikolskoye,59.7035,30.7861,9.33,92,100,3.6,RU,1668135642
212,asfi,32.2994,-9.2372,17.66,84,0,4.35,MA,1668135643
213,vila,42.0304,-8.1588,7.49,94,33,1.81,PT,1668135643
214,zhanakorgan,43.9098,67.2495,1.99,76,4,0.19,KZ,1668135644
215,ravar,31.2656,56.8055,14.16,42,74,0.29,IR,1668135645
216,pisco,-13.7,-76.2167,17.03,88,1,6.69,PE,1668135361
217,nome,64.5011,-165.4064,1.04,86,75,5.14,US,1668135646
218,chicama,-7.8447,-79.1469,17.73,83,72,3.07,PE,1668135646
219,abha,18.2164,42.5053,13.62,70,3,0.4,SA,1668135620
220,ahipara,-35.1667,173.1667,20.94,76,7,4.36,NZ,1668135647
221,hailar,49.2,119.7,-2.13,81,91,5.46,CN,1668135648
222,baykit,61.67,96.37,-10.18,94,100,0.91,RU,1668135648
223,nanyamba,-10.6833,39.8333,19.95,97,29,0.35,TZ,1668135649
224,umm lajj,25.0213,37.2685,22.71,66,70,4.41,SA,1668135649
225,nago,26.5881,127.9761,25.81,89,100,6.3,JP,1668135650
226,la rioja,42.25,-2.5,-1.12,61,0,2.69,ES,1668135650
227,elizabeth city,36.2946,-76.2511,21.11,89,100,5.92,US,1668135651
228,los llanos de aridane,28.6585,-17.9182,18.86,56,40,3.6,ES,1668135651
229,mareeba,-17.0,145.4333,29.69,55,61,4.53,AU,1668135652
230,fremont,37.5483,-121.9886,12.44,75,0,2.06,US,1668135621
231,strangnas,59.3774,17.0312,12.99,83,100,7.78,SE,1668135652
232,wanning,18.8003,110.3967,25.39,78,97,3.5,CN,1668135654
233,vardo,70.3705,31.1107,1.99,87,100,7.2,NO,1668135654
234,lushoto,-4.7833,38.2833,13.44,89,47,1.21,TZ,1668135655
235,bay city,43.5945,-83.8889,18.32,53,0,6.17,US,1668135648
236,cidreira,-30.1811,-50.2056,18.53,88,100,4.44,BR,1668135655
237,bengkulu,-3.8004,102.2655,24.57,91,99,0.51,ID,1668135656
238,misratah,32.3754,15.0925,20.0,70,61,2.67,LY,1668135656
239,dawson creek,55.7666,-120.2362,-12.68,92,72,1.49,CA,1668135657
240,huarmey,-10.0681,-78.1522,17.96,84,54,4.27,PE,1668135657
241,vila velha,-20.3297,-40.2925,24.97,91,100,3.6,BR,1668135444
242,allapalli,19.4167,80.0667,22.37,61,96,1.72,IN,1668135658
243,ugoofaaru,5.6667,73.0,27.3,72,100,2.96,MV,1668135659
244,oksfjord,70.2396,22.3479,1.1,91,63,5.58,NO,1668135659
245,isangel,-19.55,169.2667,27.61,76,15,2.07,VU,1668135660
246,villa altagracia,18.673,-70.171,25.62,95,1,0.34,DO,1668135661
247,te anau,-45.4167,167.7167,22.6,39,69,1.42,NZ,1668135367
248,bilibino,68.0546,166.4372,-19.54,100,100,1.15,RU,1668135662
249,port elizabeth,-33.918,25.5701,17.83,95,81,3.58,ZA,1668135615
250,fort frances,48.5999,-93.4003,-2.69,77,100,6.69,CA,1668135614
251,yankton,42.8711,-97.3973,-6.6,65,6,8.13,US,1668135438
252,yar-sale,66.8333,70.8333,-13.36,97,100,3.71,RU,1668135451
253,morros,-9.4467,-46.3003,22.32,85,90,0.76,BR,1668135665
254,constitucion,-35.3333,-72.4167,11.83,87,100,2.38,CL,1668135664
255,warrington,53.3925,-2.5802,15.81,81,100,8.23,GB,1668135668
256,winneba,5.3511,-0.6231,25.08,85,100,3.46,GH,1668135669
257,touros,-5.1989,-35.4608,25.05,78,38,5.62,BR,1668135669
258,guerrero negro,27.9769,-114.0611,17.89,62,1,7.55,MX,1668135671
259,boyolangu,-8.1181,111.8935,29.34,69,61,3.02,ID,1668135672
260,bardiyah,31.7561,25.0865,18.24,60,0,4.2,LY,1668135673
261,marrakesh,31.6315,-8.0083,16.04,44,0,1.03,MA,1668135612
262,krasnoselkup,65.7,82.4667,-16.74,88,100,4.81,RU,1668135674
263,san-pedro,4.7485,-6.6363,24.28,89,97,2.26,CI,1668135675
264,kailahun,8.2833,-10.5667,20.55,95,42,0.75,SL,1668135676
265,charters towers,-20.1,146.2667,31.83,30,0,3.06,AU,1668135677
266,hami,42.8,93.45,3.61,37,7,4.93,CN,1668135677
267,dudinka,69.4058,86.1778,-16.32,95,100,8.88,RU,1668135678
268,mendi,-6.1761,143.6513,14.96,96,100,0.53,PG,1668135679
269,egvekinot,66.3167,-179.1667,-18.8,94,66,2.82,RU,1668135680
270,kroya,-7.6331,109.2461,28.55,74,99,3.44,ID,1668135680
271,sao filipe,14.8961,-24.4956,24.87,73,100,2.01,CV,1668135681
272,xichang,27.8964,102.2634,16.55,62,0,1.48,CN,1668135682
273,muros,42.7762,-9.0603,14.53,96,18,2.91,ES,1668135506
274,lashio,22.9333,97.75,21.52,53,3,0.4,MM,1668135682
275,tha mai,12.6214,102.0048,32.76,100,100,3.17,TH,1668135683
276,talcahuano,-36.7167,-73.1167,12.38,92,100,1.93,CL,1668135616
277,tarauaca,-8.1614,-70.7656,22.78,98,100,0.75,BR,1668135683
278,itarema,-2.9248,-39.9167,25.96,76,4,5.53,BR,1668135684
279,manuk mangkaw,4.8,119.85,28.16,72,52,1.03,PH,1668135684
280,kitui,-1.367,38.0106,16.87,88,100,0.97,KE,1668135685
281,zhongshu,24.5167,103.7667,17.76,60,0,3.59,CN,1668135685
282,hualmay,-11.0964,-77.6139,17.68,83,28,4.23,PE,1668135686
283,pimentel,-6.8367,-79.9342,16.92,88,61,5.77,PE,1668135686
284,bheramara,24.0232,88.9925,25.75,60,24,2.39,BD,1668135687
285,salisbury,51.0693,-1.7957,15.38,84,100,7.2,GB,1668135688
286,baikunthpur,23.25,82.55,20.77,61,4,1.31,IN,1668135689
287,nouadhibou,20.931,-17.0347,18.99,94,75,3.09,MR,1668135445
288,hammerfest,70.6634,23.6821,0.25,74,100,5.66,NO,1668135690
289,panaba,21.2833,-88.2667,21.94,87,83,0.74,MX,1668135690
290,batagay,67.6333,134.6333,-25.11,98,98,0.99,RU,1668135691
291,indramayu,-6.3264,108.32,28.89,69,100,1.07,ID,1668135691
292,iqaluit,63.7506,-68.5145,-21.84,76,76,5.81,CA,1668135682
293,tiznit,29.5833,-9.5,15.59,58,0,0.43,MA,1668135692
294,cacapava do sul,-30.5122,-53.4914,14.59,82,100,2.2,BR,1668135694
295,kununurra,-15.7667,128.7333,34.99,46,75,4.63,AU,1668135694
296,cutervo,-6.379,-78.8157,9.7,88,86,1.43,PE,1668135695
297,hokitika,-42.7167,170.9667,16.56,63,100,2.79,NZ,1668135695
298,nabire,-3.3667,135.4833,30.2,65,96,0.19,ID,1668135696
299,fallon,39.4735,-118.7774,3.91,49,0,2.24,US,1668135696
300,san luis,-33.295,-66.3356,17.24,75,100,4.18,AR,1668135697
301,chilca,-12.5211,-76.7372,17.07,89,3,3.72,PE,1668135697
302,viedma,-40.8135,-62.9967,14.06,72,6,2.71,AR,1668135515
303,hellvik,59.9156,5.781,13.76,93,100,6.26,NO,1668135698
304,raga,8.4596,25.678,22.7,30,91,1.18,SS,1668135699
305,limulunga,-15.0969,23.1376,18.52,88,96,2.52,ZM,1668135699
306,granada,37.25,-3.25,9.61,84,2,2.38,ES,1668135700
307,newport,51.5877,-2.9984,15.38,80,100,11.12,GB,1668135643
308,esperance,-33.8667,121.9,16.05,73,83,9.22,AU,1668135700
309,broome,42.2506,-75.833,12.55,84,0,3.6,US,1668135701
310,comodoro rivadavia,-45.8667,-67.5,9.94,87,98,1.17,AR,1668135620
311,durban,-29.8579,31.0292,19.96,97,96,1.34,ZA,1668135702
312,birjand,32.8663,59.2211,10.94,49,92,1.56,IR,1668135702
313,bhawanipatna,19.9,83.1667,22.03,68,99,1.2,IN,1668135703
314,lac-megantic,45.5834,-70.8823,10.83,51,55,3.89,CA,1668135703
315,banda aceh,5.5577,95.3222,25.01,89,100,4.77,ID,1668135704
316,gouyave,12.1646,-61.7296,25.99,79,100,5.36,GD,1668135704
317,dali,25.7,100.1833,16.54,44,6,1.55,CN,1668135704
318,faya,18.3851,42.4509,13.72,74,1,0.22,SA,1668135705
319,tsiroanomandidy,-18.7667,46.0333,19.76,85,49,0.68,MG,1668135705
320,amparafaravola,-17.5833,48.2167,17.12,86,41,0.87,MG,1668135706
321,lakatoro,-16.0999,167.4164,28.74,74,39,3.46,VU,1668135706
322,kattivakkam,13.2167,80.3167,23.05,89,100,8.68,IN,1668135707
323,mana,5.6592,-53.7767,24.83,91,58,2.69,GF,1668135707
324,arman,59.7,150.1667,-13.81,76,2,5.03,RU,1668135708
325,olenegorsk,68.15,33.3,-1.46,94,99,1.49,RU,1668135708
326,jiexiu,37.0244,111.9125,13.55,80,100,0.24,CN,1668135709
327,sinnamary,5.3833,-52.95,25.04,89,14,2.73,GF,1668135709
328,weligama,5.9667,80.4167,26.53,80,100,3.59,LK,1668135710
329,farias brito,-6.9306,-39.5656,24.75,56,17,1.13,BR,1668135710
330,javanrud,34.7961,46.5172,8.01,71,86,0.21,IR,1668135712
331,amga,60.8953,131.9608,-6.7,93,100,3.0,RU,1668135712
332,rapid valley,44.0625,-103.1463,-7.53,69,75,5.66,US,1668135713
333,roma,43.2128,-75.4557,14.9,73,0,3.09,US,1668135713
334,port-gentil,-0.7193,8.7815,24.61,82,100,3.39,GA,1668135714
335,lavrentiya,65.5833,-171.0,-8.06,83,6,4.93,RU,1668135714
336,teguise,29.0605,-13.564,17.12,88,0,2.57,ES,1668135715
337,gat,31.61,34.7642,15.78,71,0,2.98,IL,1668135511
338,whitehorse,60.7161,-135.0538,-8.28,96,100,2.49,CA,1668135653
339,berekum,7.4534,-2.584,21.33,93,84,1.65,GH,1668135716
340,basco,20.4487,121.9702,26.98,85,7,6.76,PH,1668135716
341,beringovskiy,63.05,179.3167,-11.2,76,2,2.37,RU,1668135717
342,acatlan,20.15,-98.45,12.85,75,0,1.26,MX,1668135717
343,mihijam,23.8526,86.8788,22.42,46,0,2.16,IN,1668135718
344,tromso,69.6496,18.957,-1.46,86,75,1.03,NO,1668135718
345,pangnirtung,66.1451,-65.7125,-21.11,92,74,1.9,CA,1668135719
346,nishihara,26.1842,127.7558,26.6,74,75,8.75,JP,1668135719
347,kommunar,59.6206,30.39,9.13,93,100,4.29,RU,1668135719
348,itupiranga,-5.1347,-49.3267,24.31,71,59,0.79,BR,1668135720
349,cibitoke,-2.8833,29.25,16.65,89,100,1.02,BI,1668135721
350,senno,59.5336,33.9167,7.92,96,100,2.78,RU,1668135721
351,presidencia roque saenz pena,-26.7852,-60.4388,17.98,93,0,3.04,AR,1668135722
352,rawlins,41.7911,-107.2387,-6.06,79,100,6.17,US,1668135723
353,tommot,58.9564,126.2925,-5.91,87,97,4.54,RU,1668135724
354,petropavlovskoye,52.0712,84.107,-0.15,72,100,4.32,RU,1668135725
355,lata,40.1629,-8.3327,10.04,88,27,1.93,PT,1668135726
356,merritt,50.1123,-120.7942,-9.35,99,97,0.44,CA,1668135648
357,tramandai,-29.9847,-50.1336,18.26,89,100,4.21,BR,1668135726
358,la quinta,33.6634,-116.31,18.58,37,0,2.06,US,1668135727
359,terrace bay,48.7834,-87.1,-2.22,85,100,12.57,CA,1668135616
360,vung tau,10.346,107.0843,28.25,73,95,1.53,VN,1668135728
361,raton,36.9034,-104.4391,5.19,48,100,0.0,US,1668135728
362,darnah,32.767,22.6367,18.26,63,0,2.19,LY,1668135729
363,haines junction,60.7522,-137.5108,-6.69,98,100,0.67,CA,1668135729
364,basar,27.9833,94.6667,20.51,51,0,0.57,IN,1668135730
365,cacu,-18.5567,-51.1308,22.47,64,3,2.36,BR,1668135730
366,kiunga,-6.1219,141.2906,30.69,62,99,0.66,PG,1668135731
367,areosa,41.7178,-8.8571,14.37,84,68,2.81,PT,1668135731
368,chabahar,25.2919,60.643,26.31,66,4,0.92,IR,1668135732
369,klaksvik,62.2266,-6.589,10.51,86,100,13.02,FO,1668135734
370,bethel,41.3712,-73.414,14.16,83,80,1.73,US,1668135734
371,mildura,-34.2,142.15,25.04,62,8,2.63,AU,1668135661
372,yatou,37.15,122.3833,17.73,65,56,5.23,CN,1668135735
373,cerro largo,-28.1486,-54.7381,18.74,86,100,2.52,BR,1668135737
374,yulara,-25.2406,130.9889,37.12,18,46,8.78,AU,1668135737
375,sarkand,45.41,79.9186,2.87,41,58,1.27,KZ,1668135738
376,ejura,7.3856,-1.3562,21.92,87,89,1.75,GH,1668135739
377,russell,32.3502,-85.1999,18.0,92,100,7.87,US,1668135653
378,tungor,53.3808,142.9564,-1.18,68,100,8.61,RU,1668135739
379,micheweni,-4.9667,39.8333,24.77,86,80,1.65,TZ,1668135740
380,zalantun,48.0,122.7167,5.92,43,100,6.52,CN,1668135740
381,williams lake,52.1415,-122.1445,-12.75,90,100,0.45,CA,1668135653
382,shingu,33.7333,135.9833,20.36,57,1,2.06,JP,1668135741
383,alofi,-19.0595,-169.9187,25.28,86,86,7.96,NU,1668135742
384,iringa,-7.7667,35.7,13.81,94,80,1.39,TZ,1668135742
385,skibbereen,51.55,-9.2667,15.06,84,100,13.82,IE,1668135743
386,quang ngai,15.1167,108.8,27.59,75,72,3.14,VN,1668135744
387,iguape,-24.7081,-47.5553,20.46,90,88,2.8,BR,1668135744
388,dunedin,-45.8742,170.5036,16.0,62,79,6.71,NZ,1668135745
389,taoudenni,22.6783,-3.9836,21.97,15,0,4.14,ML,1668135745
390,husavik,66.0449,-17.3389,4.51,97,100,9.32,IS,1668135746
391,abramovka,51.1886,41.0202,2.13,93,22,3.62,RU,1668135746
392,port blair,11.6667,92.75,28.57,68,31,4.57,IN,1668135640
393,tigil,57.8,158.6667,-1.29,85,100,2.48,RU,1668135747
394,jaque,7.5175,-78.1703,24.12,90,99,1.61,PA,1668135748
395,valparaiso,-33.0393,-71.6273,14.8,82,75,3.09,CL,1668135728
396,bulgan,48.8125,103.5347,-5.85,76,89,1.39,MN,1668135749
397,marsabit,2.3284,37.9899,17.75,83,95,5.45,KE,1668135749
398,pitimbu,-7.4706,-34.8086,25.2,84,20,2.63,BR,1668135749
399,ustrzyki dolne,49.4304,22.5938,6.66,100,83,1.04,PL,1668135595
400,port hedland,-20.3167,118.5667,29.03,45,0,8.23,AU,1668135750
401,kumo,10.0447,11.2122,22.57,32,48,2.66,NG,1668135751
402,ketchikan,55.3422,-131.6461,1.54,98,100,3.16,US,1668135752
403,kuito,-12.3833,16.9333,14.06,87,100,1.64,AO,1668135753
404,fairbanks,64.8378,-147.7164,-6.33,90,100,0.0,US,1668135600
405,gavle,60.6745,17.1417,12.97,89,100,1.79,SE,1668135754
406,didsbury,53.417,-2.2315,15.64,82,100,4.63,GB,1668135666
407,irmo,34.086,-81.1832,20.85,71,100,6.17,US,1668135754
408,oriximina,-1.7656,-55.8661,24.62,67,30,1.75,BR,1668135755
409,northam,51.0333,-4.2167,14.66,86,100,9.36,GB,1668135756
410,pakxan,18.3778,103.6601,28.95,49,27,1.19,LA,1668135757
411,joutseno,61.118,28.5076,9.31,94,69,6.62,FI,1668135757
412,xacmaz,41.4635,48.806,11.15,78,100,0.61,AZ,1668135758
413,anloga,5.7947,0.8973,27.2,79,100,5.9,GH,1668135760
414,sorland,67.667,12.6934,6.92,95,100,7.96,NO,1668135760
415,la ronge,55.1001,-105.2842,-11.3,88,95,3.19,CA,1668135761
416,havre-saint-pierre,50.2334,-63.5986,4.04,88,100,6.7,CA,1668135746
417,oranjemund,-28.55,16.4333,13.62,92,17,2.01,NA,1668135579
418,labuhan,-6.8844,112.2051,29.0,69,98,1.87,ID,1668135763
419,shizukuishi,39.6833,140.9833,13.32,49,3,0.88,JP,1668135765
420,san patricio,28.017,-97.5169,25.5,78,19,3.86,US,1668135766
421,hunterville,-39.9333,175.5667,12.53,88,100,3.32,NZ,1668135767
422,dakar,14.6937,-17.4441,24.49,69,23,4.38,SN,1668135768
423,osoyoos,49.0331,-119.4524,-9.18,96,25,1.3,CA,1668135769
424,yangjiang,21.85,111.9667,26.22,69,0,2.85,CN,1668135511
425,smithers,54.7804,-127.1743,-6.02,90,100,0.9,CA,1668135653
426,san rafael,-34.6177,-68.3301,19.47,55,100,1.07,AR,1668135770
427,saint anthony,45.0205,-93.218,-0.03,78,100,7.72,US,1668135653
428,lloret de mar,41.6999,2.8457,17.72,65,12,3.46,ES,1668135740
429,san rafael del sur,11.8485,-86.4384,23.42,89,14,0.9,NI,1668135771
430,maltahohe,-24.8333,16.9833,15.12,31,4,1.23,NA,1668135772
431,marihatag,8.7936,126.2969,27.06,85,82,0.52,PH,1668135772
432,okakarara,-20.5833,17.4333,18.13,30,20,2.4,NA,1668135772
433,port hardy,50.6996,-127.4199,4.95,86,100,9.03,CA,1668135771
434,kaunas,54.9,23.9,9.37,87,100,3.6,LT,1668135773
435,mama,58.3106,112.8986,-4.06,91,100,6.06,RU,1668135774
436,sangar,63.9242,127.4739,-17.89,94,100,5.51,RU,1668135775
437,brattleboro,42.8509,-72.5579,14.61,89,51,1.95,US,1668135776
438,mayo,38.8876,-76.5119,17.29,86,100,1.54,US,1668135776
439,marystown,47.1666,-55.1483,4.92,100,100,2.24,CA,1668135488
440,ortona,42.3496,14.4039,15.21,83,54,4.05,IT,1668135777
441,tombouctou,20.0,-3.0,20.92,15,0,3.23,ML,1668135778
442,saint-augustin,51.226,-58.6502,0.51,74,75,3.54,CA,1668135778
443,cap malheureux,-19.9842,57.6142,24.7,69,23,3.13,MU,1668135779
444,san javier,37.8063,-0.8374,16.1,70,13,4.47,ES,1668135780
445,constantine,36.365,6.6147,14.67,77,40,3.6,DZ,1668135780
446,clyde river,70.4692,-68.5914,-20.2,85,91,1.5,CA,1668135749
447,ignatovka,53.9479,47.6536,3.27,84,97,5.95,RU,1668135780
448,itaituba,-4.2761,-55.9836,24.32,80,77,0.93,BR,1668135781
449,ocumare del tuy,10.1165,-66.7761,25.89,99,100,1.21,VE,1668135781
450,palu,-0.8917,119.8707,31.2,66,100,1.06,ID,1668135782
451,hovd,48.0056,91.6419,-4.96,32,8,0.78,MN,1668135782
452,maple creek,49.9168,-109.4848,-12.87,88,14,4.2,CA,1668135649
453,smolenka,52.1352,113.4974,-3.96,58,20,2.0,RU,1668135783
454,shelburne,44.0787,-80.2041,13.4,57,91,7.68,CA,1668135784
455,grand-santi,4.25,-54.3833,22.69,99,100,0.44,GF,1668135785
456,rio gallegos,-51.6226,-69.2181,8.91,79,100,7.9,AR,1668135703
457,muzhi,65.3667,64.6667,-9.16,97,92,2.48,RU,1668135785
458,namatanai,-3.6667,152.4333,28.85,72,98,5.36,PG,1668135786
459,vestmannaeyjar,63.4427,-20.2734,7.46,84,100,6.51,IS,1668135787
460,nemuro,43.3236,145.575,7.07,49,6,7.01,JP,1668135787
461,soyo,-6.1349,12.3689,24.69,82,99,2.23,AO,1668135788
462,escanaba,45.7453,-87.0646,12.92,100,100,6.55,US,1668135789
463,khash,28.2211,61.2158,14.54,37,14,0.86,IR,1668135789
464,amapa,1.0,-52.0,20.96,90,97,0.79,BR,1668135789
465,vega de alatorre,20.0333,-96.6333,24.35,82,0,4.86,MX,1668135790
466,richards bay,-28.783,32.0377,19.06,89,69,1.66,ZA,1668135791
467,zeya,53.75,127.2667,-5.03,72,100,0.75,RU,1668135791
468,maumere,-8.6199,122.2111,30.37,65,57,2.49,ID,1668135791
469,deputatskiy,69.3,139.9,-28.99,99,58,1.8,RU,1668135792
470,mastic beach,40.7668,-72.8521,15.55,95,93,2.68,US,1668135793
471,chioggia,45.2256,12.2889,9.0,77,7,3.17,IT,1668135793
472,aykhal,66.0,111.5,-25.69,100,77,3.15,RU,1668135794
473,lebowakgomo,-24.2,29.5,12.25,82,55,3.21,ZA,1668135795
474,xiongyue,40.1774,122.1228,13.4,83,100,5.69,CN,1668135795
475,komsomolskiy,40.4272,71.7189,1.4,80,100,2.06,UZ,1668135796
476,verkhnevilyuysk,63.4453,120.3167,-12.26,91,100,4.01,RU,1668135796
477,ardabil,38.2498,48.2933,5.37,97,100,2.54,IR,1668135797
478,cayenne,4.9333,-52.3333,24.02,94,100,0.51,GF,1668135607
479,mehamn,71.0357,27.8492,0.97,86,100,4.63,NO,1668135798
480,chimbarongo,-34.7,-71.05,14.49,77,100,0.76,CL,1668135798
481,salamanca,40.8333,-6.0,8.12,79,0,1.15,ES,1668135591
482,gizo,-8.103,156.8419,28.76,75,87,3.51,SB,1668135799
483,safita,34.8205,36.1153,13.92,74,0,4.74,SY,1668135799
484,katherine,-14.4667,132.2667,34.18,46,40,2.06,AU,1668135800
485,nouakchott,18.0858,-15.9785,20.96,44,62,3.9,MR,1668135800
486,road town,18.4167,-64.6167,28.02,74,40,4.12,VG,1668135517
487,puerto del rosario,28.5004,-13.8627,21.86,78,75,6.17,ES,1668135801
488,phan thiet,10.9333,108.1,30.39,58,100,2.88,VN,1668135801
489,hobyo,5.3505,48.5268,26.29,74,13,4.37,SO,1668135802
490,kamien pomorski,53.9685,14.7726,12.2,83,95,6.87,PL,1668135803
491,nelson bay,-32.7167,152.15,24.49,62,100,4.92,AU,1668135803
492,atambua,-9.1061,124.8925,30.13,59,89,1.13,ID,1668135804
493,medveda,56.5081,92.4078,-2.04,84,100,4.51,RU,1668135804
494,tabou,4.423,-7.3528,25.08,85,55,2.98,CI,1668135805
495,mezotur,47.0,20.6333,7.01,85,100,2.02,HU,1668135805
496,bulawayo,-20.15,28.5833,16.59,86,69,3.87,ZW,1668135806
497,greymouth,-42.4667,171.2,16.98,54,100,2.22,NZ,1668135807
498,sapa,5.1544,120.3241,28.56,75,27,1.49,PH,1668135807
499,mandalgovi,45.7625,106.2708,-3.32,50,100,5.73,MN,1668135808
500,gasa,31.5,34.4667,18.71,71,0,3.97,PS,1668135762
501,puerto colombia,10.9878,-74.9547,26.05,77,68,2.3,CO,1668135809
502,ushtobe,45.2514,77.9838,2.98,61,84,1.38,KZ,1668135809
503,angoche,-16.2325,39.9086,22.93,92,5,3.11,MZ,1668135809
504,tecoanapa,16.5167,-98.75,26.48,81,11,3.26,MX,1668135810
505,mount gambier,-37.8333,140.7667,16.94,74,100,3.5,AU,1668135810
506,canchungo,12.0672,-16.0333,23.1,87,1,2.25,GW,1668135810
507,nauta,-4.5061,-73.5757,23.89,91,85,1.38,PE,1668135811
508,ginda,30.6945,78.4932,11.8,30,0,1.0,IN,1668135812
509,thinadhoo,0.5333,72.9333,27.73,72,98,6.03,MV,1668135812
510,olafsvik,64.8945,-23.7142,5.18,91,100,10.48,IS,1668135812
511,nanortalik,60.1432,-45.2371,-3.18,70,100,4.77,GL,1668135813
512,beyneu,45.3167,55.2,3.42,76,22,3.0,KZ,1668135813
513,saldanha,-33.0117,17.9442,14.9,83,1,3.9,ZA,1668135813
514,maldonado,-34.6667,-54.9167,16.79,96,61,4.07,UY,1668135686
515,labrea,-7.2586,-64.7981,22.65,95,51,1.01,BR,1668135814
516,moranbah,-22.0016,148.0466,29.97,32,0,3.03,AU,1668135814
517,springfield,37.2153,-93.2982,18.92,58,0,4.63,US,1668135064
518,douentza,14.9951,-2.9517,22.83,15,67,1.41,ML,1668135815
519,tucupita,9.0622,-62.051,22.5,99,97,1.23,VE,1668135815
520,ambon,-3.6954,128.1814,32.08,66,40,2.57,ID,1668135816
521,awjilah,29.1081,21.2869,15.45,47,0,2.93,LY,1668135816
522,doka,13.5167,35.7667,22.05,60,33,1.07,SD,1668135817
523,port moresby,-9.4431,147.1797,29.63,61,59,5.17,PG,1668135727
524,grand gaube,-20.0064,57.6608,24.65,69,30,3.13,MU,1668135817
525,san juan,-31.5375,-68.5364,18.89,67,87,7.68,AR,1668135608
526,nautla,20.2167,-96.7833,24.34,81,0,5.15,MX,1668135817
527,maua,-23.6678,-46.4614,20.2,88,86,2.09,BR,1668135818
528,benin,9.5,2.25,23.53,48,56,1.43,BJ,1668135818
529,walvis bay,-22.9575,14.5053,15.05,94,0,3.07,NA,1668135819
530,jvari,42.7169,42.052,9.04,78,26,2.39,GE,1668135819
531,barmer,25.75,71.3833,22.37,35,0,3.33,IN,1668135820
532,kotaparh,19.15,82.35,20.69,67,99,4.19,IN,1668135820
533,lasa,46.6166,10.7002,7.15,52,61,0.82,IT,1668135820
534,lingao,19.9103,109.6859,25.71,73,9,5.47,CN,1668135821
535,paamiut,61.994,-49.6678,-10.28,82,39,2.69,GL,1668135821
536,ranipur,27.2879,68.5051,23.16,41,6,2.2,PK,1668135822
537,port jervis,41.3751,-74.6927,13.76,89,100,1.4,US,1668135822
538,halifax,44.6453,-63.5724,13.05,78,58,3.58,CA,1668135484
539,kloulklubed,7.0419,134.2556,28.28,74,85,6.77,PW,1668135823
540,vagur,61.4732,-6.8119,9.67,87,100,12.65,FO,1668135823
541,salinopolis,-0.6136,-47.3561,26.05,83,23,3.47,BR,1668135824
542,acajutla,13.5928,-89.8275,25.29,82,7,2.62,SV,1668135824
543,arusha,-3.3667,36.6833,16.6,90,77,2.34,TZ,1668135825
544,ulety,51.3572,112.4849,-4.13,62,10,5.86,RU,1668135825
545,bemidji,47.4736,-94.8803,-0.53,100,100,4.63,US,1668135826
546,college,64.8569,-147.8028,-6.34,89,100,0.0,US,1668135826
